dataset,conf_num,reg_type,weight_type,alpha,use_layer_norm,use_aug,lr,batch_size,train_full_score,train_partial_score,val_full_score,val_partial_score,train_partial_scores_mean,val_partial_scores_mean,train_diff_full_partial,val_diff_full_partial,diff_full_partial_min,partial_scores_mean_min
Tokyo,174,var,loss,1.0,False,True,0.01,64,0.9336596131324768,0.933 +- 0.002,0.9155844449996948,0.927 +- 0.006,0.933,0.927,0.0006596131324767551,-0.011415555000305222,-0.011415555000305222,0.927
Tokyo,17,l1,loss,0.5,False,False,0.01,32,0.9265905618667604,0.927 +- 0.004,0.9285714030265808,0.926 +- 0.006,0.927,0.926,-0.00040943813323968126,0.0025714030265807652,-0.00040943813323968126,0.926
Tokyo,2,l1,None,0.5,False,False,0.01,64,0.9298532009124756,0.93 +- 0.003,0.9350649118423462,0.926 +- 0.007,0.93,0.926,-0.0001467990875244629,0.009064911842346146,-0.0001467990875244629,0.926
Tokyo,73,l2,loss,1.0,False,False,0.01,32,0.9249592423439026,0.927 +- 0.003,0.9220778942108154,0.925 +- 0.006,0.927,0.925,-0.0020407576560974583,-0.0029221057891846147,-0.0029221057891846147,0.925
Tokyo,122,max,loss,1.0,False,False,0.01,64,0.9461663961410522,0.944 +- 0.005,0.9220778942108154,0.925 +- 0.012,0.944,0.925,0.002166396141052296,-0.0029221057891846147,-0.0029221057891846147,0.925
Tokyo,149,var,None,0.5,False,True,0.01,32,0.938843548297882,0.938 +- 0.001,0.9285714030265808,0.925 +- 0.006,0.938,0.925,0.0008435482978820241,0.003571403026580766,0.0008435482978820241,0.925
Tokyo,33,l1,avg,0.5,False,False,0.01,32,0.9265905618667604,0.925 +- 0.005,0.9220778942108154,0.924 +- 0.008,0.925,0.924,0.0015905618667603205,-0.0019221057891846138,-0.0019221057891846138,0.924
Tokyo,161,var,loss,0.5,False,False,0.01,32,0.9298532009124756,0.931 +- 0.004,0.9220778942108154,0.924 +- 0.008,0.931,0.924,-0.0011467990875244638,-0.0019221057891846138,-0.0019221057891846138,0.924
Tokyo,66,l2,loss,0.5,False,False,0.01,64,0.9363784790039062,0.933 +- 0.003,0.9285714030265808,0.924 +- 0.006,0.933,0.924,0.0033784790039061985,0.004571403026580767,0.0033784790039061985,0.924
Tokyo,126,max,loss,1.0,False,True,0.01,64,0.9301069378852844,0.929 +- 0.002,0.9155844449996948,0.923 +- 0.014,0.929,0.923,0.0011069378852843759,-0.007415555000305218,-0.007415555000305218,0.923
Tokyo,65,l2,loss,0.5,False,False,0.01,32,0.9314845204353333,0.933 +- 0.002,0.9285714030265808,0.923 +- 0.008,0.933,0.923,-0.0015154795646667996,0.005571403026580768,-0.0015154795646667996,0.923
Tokyo,185,var,avg,1.0,False,False,0.01,32,0.9314845204353333,0.93 +- 0.003,0.9090909361839294,0.922 +- 0.006,0.93,0.922,0.001484520435333203,-0.012909063816070598,-0.012909063816070598,0.922
Tokyo,154,var,None,1.0,False,False,0.01,64,0.928221881389618,0.932 +- 0.003,0.9285714030265808,0.922 +- 0.008,0.932,0.922,-0.0037781186103820197,0.006571403026580769,-0.0037781186103820197,0.922
Tokyo,109,max,None,1.0,False,True,0.01,32,0.9324995279312134,0.932 +- 0.002,0.9285714030265808,0.922 +- 0.009,0.932,0.922,0.0004995279312133283,0.006571403026580769,0.0004995279312133283,0.922
Tokyo,82,l2,avg,0.5,False,False,0.01,64,0.9331158399581908,0.932 +- 0.003,0.9090909361839294,0.921 +- 0.008,0.932,0.921,0.0011158399581907563,-0.011909063816070597,-0.011909063816070597,0.921
Tokyo,150,var,None,0.5,False,True,0.01,64,0.9348196387290956,0.934 +- 0.001,0.9155844449996948,0.921 +- 0.007,0.934,0.921,0.0008196387290955176,-0.005415555000305217,-0.005415555000305217,0.921
Tokyo,186,var,avg,1.0,False,False,0.01,64,0.9298532009124756,0.931 +- 0.003,0.9285714030265808,0.921 +- 0.008,0.931,0.921,-0.0011467990875244638,0.00757140302658077,-0.0011467990875244638,0.921
Tokyo,177,var,avg,0.5,False,False,0.01,32,0.9298532009124756,0.93 +- 0.003,0.9285714030265808,0.921 +- 0.008,0.93,0.921,-0.0001467990875244629,0.00757140302658077,-0.0001467990875244629,0.921
Tokyo,146,var,None,0.5,False,False,0.01,64,0.9363784790039062,0.932 +- 0.003,0.9220778942108154,0.921 +- 0.007,0.932,0.921,0.004378479003906199,0.0010778942108153888,0.0010778942108153888,0.921
Tokyo,62,l2,None,1.0,False,True,0.01,64,0.9350734353065492,0.934 +- 0.002,0.9155844449996948,0.92 +- 0.008,0.934,0.92,0.0010734353065491309,-0.004415555000305216,-0.004415555000305216,0.92
Tokyo,110,max,None,1.0,False,True,0.01,64,0.9347109198570251,0.935 +- 0.002,0.9155844449996948,0.92 +- 0.013,0.935,0.92,-0.0002890801429749068,-0.004415555000305216,-0.004415555000305216,0.92
Tokyo,53,l2,None,0.5,False,True,0.01,32,0.932753324508667,0.932 +- 0.002,0.9350649118423462,0.92 +- 0.008,0.932,0.92,0.0007533245086669416,0.015064911842346151,0.0007533245086669416,0.92
Tokyo,169,var,loss,1.0,False,False,0.01,32,0.9331158399581908,0.932 +- 0.002,0.9285714030265808,0.92 +- 0.009,0.932,0.92,0.0011158399581907563,0.00857140302658077,0.0011158399581907563,0.92
Tokyo,178,var,avg,0.5,False,False,0.01,64,0.9363784790039062,0.931 +- 0.003,0.9285714030265808,0.92 +- 0.009,0.931,0.92,0.0053784790039062,0.00857140302658077,0.0053784790039062,0.92
Tokyo,70,l2,loss,0.5,False,True,0.01,64,0.942722499370575,0.941 +- 0.002,0.9090909361839294,0.919 +- 0.009,0.941,0.919,0.0017224993705750036,-0.009909063816070596,-0.009909063816070596,0.919
Tokyo,58,l2,None,1.0,False,False,0.01,64,0.9331158399581908,0.932 +- 0.002,0.9155844449996948,0.919 +- 0.007,0.932,0.919,0.0011158399581907563,-0.003415555000305215,-0.003415555000305215,0.919
Tokyo,57,l2,None,1.0,False,False,0.01,32,0.9298532009124756,0.931 +- 0.002,0.9220778942108154,0.919 +- 0.008,0.931,0.919,-0.0011467990875244638,0.0030778942108153906,-0.0011467990875244638,0.919
Tokyo,77,l2,loss,1.0,False,True,0.01,32,0.9309769868850708,0.93 +- 0.002,0.9220778942108154,0.919 +- 0.007,0.93,0.919,0.000976986885070752,0.0030778942108153906,0.000976986885070752,0.919
Tokyo,74,l2,loss,1.0,False,False,0.01,64,0.9314845204353333,0.93 +- 0.003,0.9220778942108154,0.919 +- 0.008,0.93,0.919,0.001484520435333203,0.0030778942108153906,0.001484520435333203,0.919
Tokyo,157,var,None,1.0,False,True,0.01,32,0.9425050020217896,0.941 +- 0.002,0.9220778942108154,0.919 +- 0.01,0.941,0.919,0.0015050020217896032,0.0030778942108153906,0.0015050020217896032,0.919
Tokyo,50,l2,None,0.5,False,False,0.01,64,0.94779771566391,0.941 +- 0.004,0.9220778942108154,0.919 +- 0.011,0.941,0.919,0.0067977156639100755,0.0030778942108153906,0.0030778942108153906,0.919
Tokyo,90,l2,avg,1.0,False,False,0.01,64,0.938009798526764,0.933 +- 0.003,0.9220778942108154,0.919 +- 0.007,0.933,0.919,0.0050097985267639755,0.0030778942108153906,0.0030778942108153906,0.919
Tokyo,1,l1,None,0.5,False,False,0.01,32,0.9184339046478271,0.923 +- 0.004,0.9090909361839294,0.918 +- 0.007,0.923,0.918,-0.004566095352172894,-0.008909063816070595,-0.008909063816070595,0.918
Tokyo,162,var,loss,0.5,False,False,0.01,64,0.9347471594810486,0.934 +- 0.003,0.9090909361839294,0.918 +- 0.006,0.934,0.918,0.0007471594810485316,-0.008909063816070595,-0.008909063816070595,0.918
Tokyo,37,l1,avg,0.5,False,True,0.01,32,0.9180351495742798,0.918 +- 0.001,0.9220778942108154,0.924 +- 0.005,0.918,0.924,3.5149574279746965e-05,-0.0019221057891846138,-0.0019221057891846138,0.918
Tokyo,89,l2,avg,1.0,False,False,0.01,32,0.9314845204353333,0.932 +- 0.002,0.9220778942108154,0.918 +- 0.007,0.932,0.918,-0.0005154795646667987,0.0040778942108153915,-0.0005154795646667987,0.918
Tokyo,46,l1,avg,1.0,False,True,0.01,64,0.9184339046478271,0.918 +- 0.0,0.9285714030265808,0.927 +- 0.005,0.918,0.927,0.00043390464782711025,0.0015714030265807644,0.00043390464782711025,0.918
Tokyo,5,l1,None,0.5,False,True,0.01,32,0.9186877012252808,0.918 +- 0.002,0.9090909361839294,0.917 +- 0.003,0.918,0.917,0.0006877012252807235,-0.007909063816070594,-0.007909063816070594,0.917
Tokyo,106,max,None,1.0,False,False,0.01,64,0.9331158399581908,0.939 +- 0.005,0.9285714030265808,0.917 +- 0.014,0.939,0.917,-0.005884160041809139,0.011571403026580773,-0.005884160041809139,0.917
Tokyo,49,l2,None,0.5,False,False,0.01,32,0.928221881389618,0.93 +- 0.004,0.9220778942108154,0.917 +- 0.007,0.93,0.917,-0.001778118610382018,0.005077894210815392,-0.001778118610382018,0.917
Tokyo,86,l2,avg,0.5,False,True,0.01,64,0.9409099221229552,0.94 +- 0.001,0.9285714030265808,0.917 +- 0.01,0.94,0.917,0.0009099221229552645,0.011571403026580773,0.0009099221229552645,0.917
Tokyo,117,max,loss,0.5,False,True,0.01,32,0.9307231903076172,0.931 +- 0.002,0.9090909361839294,0.916 +- 0.01,0.931,0.916,-0.00027680969238286224,-0.006909063816070593,-0.006909063816070593,0.916
Tokyo,121,max,loss,1.0,False,False,0.01,32,0.938009798526764,0.931 +- 0.004,0.9090909361839294,0.916 +- 0.011,0.931,0.916,0.007009798526763977,-0.006909063816070593,-0.006909063816070593,0.916
Tokyo,145,var,None,0.5,False,False,0.01,32,0.9298532009124756,0.934 +- 0.002,0.9220778942108154,0.916 +- 0.008,0.934,0.916,-0.0041467990875244665,0.006077894210815393,-0.0041467990875244665,0.916
Tokyo,93,l2,avg,1.0,False,True,0.01,32,0.9311582446098328,0.93 +- 0.002,0.9155844449996948,0.916 +- 0.007,0.93,0.916,0.0011582446098327148,-0.0004155550003052122,-0.0004155550003052122,0.916
Tokyo,182,var,avg,0.5,False,True,0.01,64,0.9322457909584044,0.932 +- 0.001,0.9155844449996948,0.916 +- 0.008,0.932,0.916,0.00024579095840437937,-0.0004155550003052122,-0.0004155550003052122,0.916
Tokyo,38,l1,avg,0.5,False,True,0.01,64,0.9166576266288756,0.916 +- 0.001,0.9285714030265808,0.928 +- 0.004,0.916,0.928,0.000657626628875585,0.0005714030265807635,0.0005714030265807635,0.916
Tokyo,170,var,loss,1.0,False,False,0.01,64,0.9249592423439026,0.926 +- 0.003,0.9090909361839294,0.915 +- 0.008,0.926,0.915,-0.0010407576560974574,-0.005909063816070592,-0.005909063816070592,0.915
Tokyo,130,max,avg,0.5,False,False,0.01,64,0.928221881389618,0.931 +- 0.004,0.9155844449996948,0.915 +- 0.011,0.931,0.915,-0.002778118610382019,0.0005844449996947887,-0.002778118610382019,0.915
Tokyo,21,l1,loss,0.5,False,True,0.01,32,0.9150625467300416,0.915 +- 0.001,0.9285714030265808,0.928 +- 0.003,0.915,0.928,6.25467300415794e-05,0.0005714030265807635,6.25467300415794e-05,0.915
Tokyo,98,max,None,0.5,False,False,0.01,64,0.9314845204353333,0.931 +- 0.004,0.9155844449996948,0.915 +- 0.01,0.931,0.915,0.0004845204353332022,0.0005844449996947887,0.0004845204353332022,0.915
Tokyo,141,max,avg,1.0,False,True,0.01,32,0.9363784790039062,0.935 +- 0.001,0.9220778942108154,0.915 +- 0.009,0.935,0.915,0.0013784790039061967,0.007077894210815394,0.0013784790039061967,0.915
Tokyo,158,var,None,1.0,False,True,0.01,64,0.9336596131324768,0.933 +- 0.001,0.902597427368164,0.914 +- 0.009,0.933,0.914,0.0006596131324767551,-0.011402572631836083,-0.011402572631836083,0.914
Tokyo,189,var,avg,1.0,False,True,0.01,32,0.9327895641326904,0.932 +- 0.001,0.9155844449996948,0.914 +- 0.006,0.932,0.914,0.0007895641326903791,0.0015844449996947896,0.0007895641326903791,0.914
Tokyo,114,max,loss,0.5,False,False,0.01,64,0.9347471594810486,0.931 +- 0.004,0.9155844449996948,0.914 +- 0.009,0.931,0.914,0.0037471594810485342,0.0015844449996947896,0.0015844449996947896,0.914
Tokyo,14,l1,None,1.0,False,True,0.01,64,0.9259017705917358,0.925 +- 0.002,0.9155844449996948,0.913 +- 0.006,0.925,0.913,0.0009017705917357954,0.0025844449996947905,0.0009017705917357954,0.913
Tokyo,97,max,None,0.5,False,False,0.01,32,0.9216966032981871,0.926 +- 0.004,0.9155844449996948,0.912 +- 0.013,0.926,0.912,-0.0043033967018129005,0.0035844449996947914,-0.0043033967018129005,0.912
Tokyo,85,l2,avg,0.5,False,True,0.01,32,0.9444262981414796,0.943 +- 0.002,0.9155844449996948,0.912 +- 0.012,0.943,0.912,0.0014262981414796538,0.0035844449996947914,0.0014262981414796538,0.912
Tokyo,113,max,loss,0.5,False,False,0.01,32,0.9363784790039062,0.934 +- 0.006,0.9350649118423462,0.912 +- 0.016,0.934,0.912,0.0023784790039061976,0.02306491184234616,0.0023784790039061976,0.912
Tokyo,81,l2,avg,0.5,False,False,0.01,32,0.9249592423439026,0.929 +- 0.003,0.9285714030265808,0.911 +- 0.01,0.929,0.911,-0.00404075765609746,0.01757140302658078,-0.00404075765609746,0.911
Tokyo,61,l2,None,1.0,False,True,0.01,32,0.927678108215332,0.927 +- 0.002,0.9090909361839294,0.911 +- 0.007,0.927,0.911,0.0006781082153319851,-0.0019090638160705886,-0.0019090638160705886,0.911
Tokyo,101,max,None,0.5,False,True,0.01,32,0.9486315250396729,0.948 +- 0.003,0.9090909361839294,0.911 +- 0.007,0.948,0.911,0.0006315250396728977,-0.0019090638160705886,-0.0019090638160705886,0.911
Tokyo,134,max,avg,0.5,False,True,0.01,64,0.9336596131324768,0.932 +- 0.001,0.9090909361839294,0.911 +- 0.007,0.932,0.911,0.001659613132476756,-0.0019090638160705886,-0.0019090638160705886,0.911
Tokyo,152,var,None,0.5,False,True,0.1,64,0.9110748767852784,0.911 +- 0.001,0.9155844449996948,0.914 +- 0.005,0.911,0.914,7.487678527839936e-05,0.0015844449996947896,7.487678527839936e-05,0.911
Tokyo,144,max,avg,1.0,False,True,0.1,64,0.9113286137580872,0.91 +- 0.002,0.902597427368164,0.911 +- 0.011,0.91,0.911,0.0013286137580871271,-0.00840257263183608,-0.00840257263183608,0.91
Tokyo,9,l1,None,1.0,False,False,0.01,32,0.9102773070335388,0.91 +- 0.003,0.9090909361839294,0.91 +- 0.006,0.91,0.91,0.0002773070335387873,-0.0009090638160705877,-0.0009090638160705877,0.91
Tokyo,78,l2,loss,1.0,False,True,0.01,64,0.9251042008399964,0.924 +- 0.002,0.9090909361839294,0.91 +- 0.006,0.924,0.91,0.0011042008399964054,-0.0009090638160705877,-0.0009090638160705877,0.91
Tokyo,153,var,None,1.0,False,False,0.01,32,0.928221881389618,0.928 +- 0.003,0.9090909361839294,0.91 +- 0.008,0.928,0.91,0.00022188138961798387,-0.0009090638160705877,-0.0009090638160705877,0.91
Tokyo,45,l1,avg,1.0,False,True,0.01,32,0.909842312335968,0.91 +- 0.001,0.9220778942108154,0.914 +- 0.007,0.91,0.914,-0.0001576876640320135,0.008077894210815395,-0.0001576876640320135,0.91
Tokyo,42,l1,avg,1.0,False,False,0.01,64,0.9233279228210448,0.922 +- 0.003,0.9155844449996948,0.91 +- 0.008,0.922,0.91,0.001327922821044769,0.005584444999694793,0.001327922821044769,0.91
Tokyo,137,max,avg,1.0,False,False,0.01,32,0.9363784790039062,0.932 +- 0.005,0.8961039185523987,0.909 +- 0.013,0.932,0.909,0.004378479003906199,-0.012896081447601349,-0.012896081447601349,0.909
Tokyo,138,max,avg,1.0,False,False,0.01,64,0.9331158399581908,0.933 +- 0.004,0.8961039185523987,0.909 +- 0.012,0.933,0.909,0.00011583995819075543,-0.012896081447601349,-0.012896081447601349,0.909
Tokyo,26,l1,loss,1.0,False,False,0.01,64,0.9135399460792542,0.917 +- 0.004,0.902597427368164,0.909 +- 0.007,0.917,0.909,-0.003460053920745887,-0.006402572631836079,-0.006402572631836079,0.909
Tokyo,25,l1,loss,1.0,False,False,0.01,32,0.9086459875106812,0.909 +- 0.001,0.9155844449996948,0.915 +- 0.002,0.909,0.915,-0.00035401248931887785,0.0005844449996947887,-0.00035401248931887785,0.909
Tokyo,41,l1,avg,1.0,False,False,0.01,32,0.9086459875106812,0.909 +- 0.0,0.9155844449996948,0.915 +- 0.002,0.909,0.915,-0.00035401248931887785,0.0005844449996947887,-0.00035401248931887785,0.909
Tokyo,129,max,avg,0.5,False,False,0.01,32,0.9298532009124756,0.928 +- 0.004,0.9155844449996948,0.909 +- 0.011,0.928,0.909,0.0018532009124755389,0.006584444999694794,0.0018532009124755389,0.909
Tokyo,166,var,loss,0.5,False,True,0.01,64,0.9539604783058168,0.951 +- 0.003,0.9155844449996948,0.908 +- 0.01,0.951,0.908,0.002960478305816805,0.007584444999694795,0.002960478305816805,0.908
Tokyo,54,l2,None,0.5,False,True,0.01,64,0.9582744240760804,0.957 +- 0.003,0.9090909361839294,0.907 +- 0.011,0.957,0.907,0.0012744240760804715,0.002090936183929415,0.0012744240760804715,0.907
Tokyo,6,l1,None,0.5,False,True,0.01,64,0.9292006492614746,0.928 +- 0.002,0.902597427368164,0.906 +- 0.006,0.928,0.906,0.0012006492614745623,-0.003402572631836076,-0.003402572631836076,0.906
Tokyo,18,l1,loss,0.5,False,False,0.01,64,0.9233279228210448,0.922 +- 0.003,0.902597427368164,0.906 +- 0.006,0.922,0.906,0.001327922821044769,-0.003402572631836076,-0.003402572631836076,0.906
Tokyo,94,l2,avg,1.0,False,True,0.01,64,0.929889440536499,0.929 +- 0.001,0.902597427368164,0.906 +- 0.007,0.929,0.906,0.0008894405364989755,-0.003402572631836076,-0.003402572631836076,0.906
Tokyo,80,l2,loss,1.0,False,True,0.1,64,0.9065796732902528,0.906 +- 0.001,0.9155844449996948,0.913 +- 0.004,0.906,0.913,0.000579673290252769,0.0025844449996947905,0.000579673290252769,0.906
Tokyo,192,var,avg,1.0,False,True,0.1,64,0.9053833484649658,0.905 +- 0.001,0.9155844449996948,0.919 +- 0.005,0.905,0.919,0.00038334846496579367,-0.003415555000305215,-0.003415555000305215,0.905
Tokyo,164,var,loss,0.5,False,False,0.1,64,0.9102773070335388,0.905 +- 0.003,0.9090909361839294,0.912 +- 0.007,0.905,0.912,0.005277307033538792,-0.0029090638160705895,-0.0029090638160705895,0.905
Tokyo,29,l1,loss,1.0,False,True,0.01,32,0.9085009694099426,0.908 +- 0.001,0.902597427368164,0.905 +- 0.005,0.908,0.905,0.0005009694099425976,-0.002402572631836075,-0.002402572631836075,0.905
Tokyo,125,max,loss,1.0,False,True,0.01,32,0.9470002055168152,0.946 +- 0.002,0.9155844449996948,0.905 +- 0.009,0.946,0.905,0.0010002055168152335,0.010584444999694798,0.0010002055168152335,0.905
Tokyo,69,l2,loss,0.5,False,True,0.01,32,0.9557368159294128,0.954 +- 0.003,0.9155844449996948,0.905 +- 0.01,0.954,0.905,0.0017368159294128827,0.010584444999694798,0.0017368159294128827,0.905
Tokyo,173,var,loss,1.0,False,True,0.01,32,0.9239441752433776,0.924 +- 0.001,0.8961039185523987,0.904 +- 0.005,0.924,0.904,-5.5824756622468996e-05,-0.007896081447601344,-0.007896081447601344,0.904
Tokyo,148,var,None,0.5,False,False,0.1,64,0.9004893898963928,0.904 +- 0.001,0.9155844449996948,0.906 +- 0.006,0.904,0.906,-0.0035106101036072035,0.009584444999694797,-0.0035106101036072035,0.904
Tokyo,118,max,loss,0.5,False,True,0.01,64,0.9446438550949096,0.943 +- 0.002,0.902597427368164,0.904 +- 0.007,0.943,0.904,0.0016438550949096076,-0.0014025726318360743,-0.0014025726318360743,0.904
Tokyo,40,l1,avg,0.5,False,True,0.1,64,0.9036070108413696,0.904 +- 0.0,0.9090909361839294,0.909 +- 0.002,0.904,0.909,-0.00039298915863039685,9.093618392941316e-05,-0.00039298915863039685,0.904
Tokyo,191,var,avg,1.0,False,True,0.1,32,0.90393328666687,0.904 +- 0.001,0.9090909361839294,0.906 +- 0.005,0.904,0.906,-6.671333313001959e-05,0.003090936183929416,-6.671333313001959e-05,0.904
Tokyo,88,l2,avg,0.5,False,True,0.1,64,0.904658317565918,0.904 +- 0.001,0.9090909361839294,0.908 +- 0.005,0.904,0.908,0.000658317565917943,0.001090936183929414,0.000658317565917943,0.904
Tokyo,190,var,avg,1.0,False,True,0.01,64,0.9571868777275084,0.955 +- 0.003,0.9155844449996948,0.904 +- 0.008,0.955,0.904,0.002186877727508474,0.011584444999694798,0.002186877727508474,0.904
Tokyo,127,max,loss,1.0,False,True,0.1,32,0.9064346551895142,0.906 +- 0.002,0.902597427368164,0.903 +- 0.01,0.906,0.903,0.0004346551895141326,-0.0004025726318360734,-0.0004025726318360734,0.903
Tokyo,136,max,avg,0.5,False,True,0.1,64,0.902737021446228,0.903 +- 0.002,0.9220778942108154,0.907 +- 0.007,0.903,0.907,-0.0002629785537719975,0.015077894210815401,-0.0002629785537719975,0.903
Tokyo,112,max,None,1.0,False,True,0.1,64,0.9040058255195618,0.902 +- 0.001,0.8896104097366333,0.903 +- 0.015,0.902,0.903,0.0020058255195617436,-0.013389590263366724,-0.013389590263366724,0.902
Tokyo,179,var,avg,0.5,False,False,0.1,32,0.9070146679878236,0.902 +- 0.003,0.8961039185523987,0.906 +- 0.009,0.902,0.906,0.005014667987823573,-0.009896081447601346,-0.009896081447601346,0.902
Tokyo,16,l1,None,1.0,False,True,0.1,64,0.9019394516944884,0.902 +- 0.001,0.9155844449996948,0.914 +- 0.004,0.902,0.914,-6.054830551160961e-05,0.0015844449996947896,-6.054830551160961e-05,0.902
Tokyo,22,l1,loss,0.5,False,True,0.01,64,0.9252492189407348,0.925 +- 0.001,0.902597427368164,0.902 +- 0.005,0.925,0.902,0.00024921894073470785,0.0005974273681639275,0.00024921894073470785,0.902
Tokyo,34,l1,avg,0.5,False,False,0.01,64,0.9265905618667604,0.923 +- 0.003,0.8961039185523987,0.901 +- 0.008,0.923,0.901,0.0035905618667603223,-0.0048960814476013415,-0.0048960814476013415,0.901
Tokyo,142,max,avg,1.0,False,True,0.01,64,0.9422875046730042,0.941 +- 0.002,0.8961039185523987,0.901 +- 0.012,0.941,0.901,0.0012875046730042028,-0.0048960814476013415,-0.0048960814476013415,0.901
Tokyo,156,var,None,1.0,False,False,0.1,64,0.9053833484649658,0.906 +- 0.003,0.9090909361839294,0.901 +- 0.006,0.906,0.901,-0.0006166515350342072,0.00809093618392942,-0.0006166515350342072,0.901
Tokyo,188,var,avg,1.0,False,False,0.1,64,0.9004893898963928,0.901 +- 0.001,0.902597427368164,0.903 +- 0.004,0.901,0.903,-0.0005106101036072008,-0.0004025726318360734,-0.0005106101036072008,0.901
Tokyo,13,l1,None,1.0,False,True,0.01,32,0.9005619287490845,0.901 +- 0.0,0.9090909361839294,0.908 +- 0.003,0.901,0.908,-0.00043807125091555044,0.001090936183929414,-0.00043807125091555044,0.901
Tokyo,159,var,None,1.0,False,True,0.1,32,0.9011057019233704,0.901 +- 0.001,0.9155844449996948,0.913 +- 0.004,0.901,0.913,0.00010570192337033824,0.0025844449996947905,0.00010570192337033824,0.901
Tokyo,187,var,avg,1.0,False,False,0.1,32,0.9021207094192504,0.901 +- 0.001,0.9090909361839294,0.905 +- 0.004,0.901,0.905,0.0011207094192503542,0.004090936183929417,0.0011207094192503542,0.901
Tokyo,184,var,avg,0.5,False,True,0.1,64,0.9000181555747986,0.9 +- 0.0,0.902597427368164,0.903 +- 0.004,0.9,0.903,1.815557479856178e-05,-0.0004025726318360734,-0.0004025726318360734,0.9
Tokyo,172,var,loss,1.0,False,False,0.1,64,0.9004893898963928,0.9 +- 0.001,0.9090909361839294,0.904 +- 0.005,0.9,0.904,0.0004893898963928001,0.005090936183929418,0.0004893898963928001,0.9
Tokyo,111,max,None,1.0,False,True,0.1,32,0.9010331630706788,0.9 +- 0.001,0.9155844449996948,0.9 +- 0.007,0.9,0.9,0.0010331630706787998,0.015584444999694802,0.0010331630706787998,0.9
Tokyo,163,var,loss,0.5,False,False,0.1,32,0.9021207094192504,0.9 +- 0.002,0.9090909361839294,0.906 +- 0.004,0.9,0.906,0.002120709419250355,0.003090936183929416,0.002120709419250355,0.9
Tokyo,105,max,None,1.0,False,False,0.01,32,0.94779771566391,0.943 +- 0.005,0.902597427368164,0.9 +- 0.011,0.943,0.9,0.004797715663910074,0.0025974273681639293,0.0025974273681639293,0.9
Tokyo,183,var,avg,0.5,False,True,0.1,32,0.8988218307495117,0.899 +- 0.001,0.8961039185523987,0.909 +- 0.003,0.899,0.909,-0.00017816925048830257,-0.012896081447601349,-0.012896081447601349,0.899
Tokyo,128,max,loss,1.0,False,True,0.1,64,0.8989668488502502,0.899 +- 0.002,0.8896104097366333,0.9 +- 0.009,0.899,0.9,-3.3151149749777176e-05,-0.010389590263366721,-0.010389590263366721,0.899
Tokyo,24,l1,loss,0.5,False,True,0.1,64,0.8988943099975586,0.899 +- 0.002,0.902597427368164,0.907 +- 0.007,0.899,0.907,-0.00010569000244142757,-0.004402572631836077,-0.004402572631836077,0.899
Tokyo,36,l1,avg,0.5,False,False,0.1,64,0.8972267508506775,0.899 +- 0.001,0.902597427368164,0.902 +- 0.004,0.899,0.902,-0.001773249149322531,0.0005974273681639275,-0.001773249149322531,0.899
Tokyo,20,l1,loss,0.5,False,False,0.1,64,0.8988580703735352,0.899 +- 0.002,0.9155844449996948,0.905 +- 0.006,0.899,0.905,-0.00014192962646486507,0.010584444999694798,-0.00014192962646486507,0.899
Tokyo,143,max,avg,1.0,False,True,0.1,32,0.8988943099975586,0.899 +- 0.002,0.9090909361839294,0.905 +- 0.009,0.899,0.905,-0.00010569000244142757,0.004090936183929417,-0.00010569000244142757,0.899
Tokyo,133,max,avg,0.5,False,True,0.01,32,0.9555917978286744,0.954 +- 0.003,0.8766233921051025,0.898 +- 0.011,0.954,0.898,0.0015917978286744683,-0.02137660789489748,-0.02137660789489748,0.898
Tokyo,102,max,None,0.5,False,True,0.01,64,0.9509153366088868,0.95 +- 0.003,0.8896104097366333,0.898 +- 0.013,0.95,0.898,0.0009153366088868742,-0.00838959026336672,-0.00838959026336672,0.898
Tokyo,151,var,None,0.5,False,True,0.1,32,0.8998368382453918,0.9 +- 0.001,0.8896104097366333,0.898 +- 0.003,0.9,0.898,-0.0001631617546081765,-0.00838959026336672,-0.00838959026336672,0.898
Tokyo,104,max,None,0.5,False,True,0.1,64,0.8981330394744873,0.898 +- 0.002,0.8961039185523987,0.902 +- 0.014,0.898,0.902,0.00013303947448728426,-0.005896081447601342,-0.005896081447601342,0.898
Tokyo,83,l2,avg,0.5,False,False,0.1,32,0.8955954313278198,0.898 +- 0.003,0.9090909361839294,0.901 +- 0.008,0.898,0.901,-0.002404568672180196,0.00809093618392942,-0.002404568672180196,0.898
Tokyo,176,var,loss,1.0,False,True,0.1,64,0.8979880213737488,0.898 +- 0.001,0.902597427368164,0.905 +- 0.005,0.898,0.905,-1.1978626251241131e-05,-0.002402572631836075,-0.002402572631836075,0.898
Tokyo,10,l1,None,1.0,False,False,0.01,64,0.9070146679878236,0.907 +- 0.0,0.8961039185523987,0.898 +- 0.004,0.907,0.898,1.4667987823568929e-05,-0.0018960814476013388,-0.0018960814476013388,0.898
Tokyo,30,l1,loss,1.0,False,True,0.01,64,0.9086459875106812,0.909 +- 0.0,0.902597427368164,0.898 +- 0.005,0.909,0.898,-0.00035401248931887785,0.004597427368163931,-0.00035401248931887785,0.898
Tokyo,75,l2,loss,1.0,False,False,0.1,32,0.8955954313278198,0.897 +- 0.001,0.9090909361839294,0.903 +- 0.004,0.897,0.903,-0.0014045686721801953,0.0060909361839294185,-0.0014045686721801953,0.897
Tokyo,68,l2,loss,0.5,False,False,0.1,64,0.8988580703735352,0.902 +- 0.004,0.8896104097366333,0.896 +- 0.007,0.902,0.896,-0.0031419296264648677,-0.006389590263366718,-0.006389590263366718,0.896
Tokyo,160,var,None,1.0,False,True,0.1,64,0.8957404494285583,0.896 +- 0.001,0.9090909361839294,0.908 +- 0.003,0.896,0.908,-0.00025955057144166904,0.001090936183929414,-0.00025955057144166904,0.896
Tokyo,100,max,None,0.5,False,False,0.1,64,0.9086459875106812,0.903 +- 0.005,0.8701298832893372,0.894 +- 0.013,0.903,0.894,0.0056459875106811275,-0.02387011671066286,-0.02387011671066286,0.894
Tokyo,120,max,loss,0.5,False,True,0.1,64,0.8933115601539612,0.894 +- 0.002,0.9155844449996948,0.897 +- 0.008,0.894,0.897,-0.0006884398460388352,0.018584444999694805,-0.0006884398460388352,0.894
Tokyo,103,max,None,0.5,False,True,0.1,32,0.8981330394744873,0.898 +- 0.002,0.9090909361839294,0.894 +- 0.014,0.898,0.894,0.00013303947448728426,0.015090936183929426,0.00013303947448728426,0.894
Tokyo,59,l2,None,1.0,False,False,0.1,32,0.8955954313278198,0.894 +- 0.004,0.9155844449996948,0.911 +- 0.007,0.894,0.911,0.0015954313278198073,0.004584444999694792,0.0015954313278198073,0.894
Tokyo,132,max,avg,0.5,False,False,0.1,64,0.8972267508506775,0.906 +- 0.005,0.8571428656578064,0.893 +- 0.013,0.906,0.893,-0.008773249149322537,-0.03585713434219362,-0.03585713434219362,0.893
Tokyo,171,var,loss,1.0,False,False,0.1,32,0.8955954313278198,0.893 +- 0.002,0.8961039185523987,0.899 +- 0.004,0.893,0.899,0.0025954313278198082,-0.0028960814476013397,-0.0028960814476013397,0.893
Tokyo,51,l2,None,0.5,False,False,0.1,32,0.8890701532363892,0.892 +- 0.003,0.8961039185523987,0.895 +- 0.007,0.892,0.895,-0.002929846763610855,0.0011039185523986639,-0.002929846763610855,0.892
Tokyo,135,max,avg,0.5,False,True,0.1,32,0.8928765654563904,0.892 +- 0.002,0.902597427368164,0.902 +- 0.008,0.892,0.902,0.0008765654563903658,0.0005974273681639275,0.0005974273681639275,0.892
Tokyo,181,var,avg,0.5,False,True,0.01,32,0.9457314014434814,0.945 +- 0.002,0.8961039185523987,0.892 +- 0.011,0.945,0.892,0.0007314014434814942,0.0041039185523986665,0.0007314014434814942,0.892
Tokyo,165,var,loss,0.5,False,True,0.01,32,0.9520028829574584,0.95 +- 0.002,0.902597427368164,0.892 +- 0.01,0.95,0.892,0.0020028829574584295,0.010597427368163936,0.0020028829574584295,0.892
Tokyo,91,l2,avg,1.0,False,False,0.1,32,0.8890701532363892,0.891 +- 0.004,0.8961039185523987,0.901 +- 0.005,0.891,0.901,-0.001929846763610854,-0.0048960814476013415,-0.0048960814476013415,0.891
Tokyo,108,max,None,1.0,False,False,0.1,64,0.8792822360992432,0.89 +- 0.008,0.8896104097366333,0.89 +- 0.015,0.89,0.89,-0.01071776390075685,-0.00038959026336671254,-0.01071776390075685,0.89
Tokyo,72,l2,loss,0.5,False,True,0.1,64,0.8888526558876038,0.889 +- 0.001,0.8961039185523987,0.895 +- 0.004,0.889,0.895,-0.00014734411239625267,0.0011039185523986639,-0.00014734411239625267,0.889
Tokyo,124,max,loss,1.0,False,False,0.1,64,0.8939641118049622,0.888 +- 0.007,0.8896104097366333,0.893 +- 0.012,0.888,0.893,0.005964111804962147,-0.003389590263366715,-0.003389590263366715,0.888
Tokyo,123,max,loss,1.0,False,False,0.1,32,0.8890701532363892,0.889 +- 0.006,0.8896104097366333,0.887 +- 0.014,0.889,0.887,7.015323638914772e-05,0.00261040973663329,7.015323638914772e-05,0.887
Tokyo,119,max,loss,0.5,False,True,0.1,32,0.8888163566589355,0.887 +- 0.002,0.8961039185523987,0.889 +- 0.014,0.887,0.889,0.0018163566589355362,0.007103918552398669,0.0018163566589355362,0.887
Tokyo,92,l2,avg,1.0,False,False,0.1,64,0.8907014727592468,0.885 +- 0.003,0.8961039185523987,0.894 +- 0.007,0.885,0.894,0.005701472759246817,0.0021039185523986648,0.0021039185523986648,0.885
Tokyo,116,max,loss,0.5,False,False,0.1,64,0.8907014727592468,0.884 +- 0.005,0.8831169009208679,0.884 +- 0.01,0.884,0.884,0.006701472759246818,-0.0008830990791320881,-0.0008830990791320881,0.884
Tokyo,87,l2,avg,0.5,False,True,0.1,32,0.8843212127685547,0.884 +- 0.001,0.8896104097366333,0.885 +- 0.008,0.884,0.885,0.0003212127685546795,0.004610409736633292,0.0003212127685546795,0.884
Tokyo,140,max,avg,1.0,False,False,0.1,64,0.8825448751449585,0.883 +- 0.003,0.8831169009208679,0.887 +- 0.007,0.883,0.887,-0.000455124855041511,-0.0038830990791320907,-0.0038830990791320907,0.883
Tokyo,47,l1,avg,1.0,False,True,0.1,32,0.8829798698425293,0.883 +- 0.001,0.902597427368164,0.903 +- 0.004,0.883,0.903,-2.013015747071023e-05,-0.0004025726318360734,-0.0004025726318360734,0.883
Tokyo,35,l1,avg,0.5,False,False,0.1,32,0.8841761946678162,0.883 +- 0.002,0.8896104097366333,0.889 +- 0.005,0.883,0.889,0.001176194667816155,0.0006104097366332883,0.0006104097366332883,0.883
Tokyo,139,max,avg,1.0,False,False,0.1,32,0.8988580703735352,0.888 +- 0.007,0.9090909361839294,0.883 +- 0.015,0.888,0.883,0.010858070373535145,0.026090936183929436,0.010858070373535145,0.883
Tokyo,7,l1,None,0.5,False,True,0.1,32,0.8821098208427429,0.882 +- 0.0,0.902597427368164,0.899 +- 0.004,0.882,0.899,0.0001098208427429137,0.00359742736816393,0.0001098208427429137,0.882
Tokyo,84,l2,avg,0.5,False,False,0.1,64,0.9053833484649658,0.9 +- 0.004,0.8766233921051025,0.881 +- 0.007,0.9,0.881,0.005383348464965798,-0.004376607894897466,-0.004376607894897466,0.881
Tokyo,131,max,avg,0.5,False,False,0.1,32,0.8874388337135315,0.881 +- 0.006,0.902597427368164,0.89 +- 0.011,0.881,0.89,0.006438833713531489,0.012597427368163938,0.006438833713531489,0.881
Tokyo,155,var,None,1.0,False,False,0.1,32,0.8792822360992432,0.88 +- 0.001,0.8896104097366333,0.893 +- 0.004,0.88,0.893,-0.0007177639007568404,-0.003389590263366715,-0.003389590263366715,0.88
Tokyo,67,l2,loss,0.5,False,False,0.1,32,0.8792822360992432,0.88 +- 0.001,0.8896104097366333,0.892 +- 0.006,0.88,0.892,-0.0007177639007568404,-0.0023895902633667143,-0.0023895902633667143,0.88
Tokyo,8,l1,None,0.5,False,True,0.1,64,0.87935471534729,0.88 +- 0.001,0.8961039185523987,0.889 +- 0.005,0.88,0.889,-0.0006452846527099654,0.007103918552398669,-0.0006452846527099654,0.88
Tokyo,175,var,loss,1.0,False,True,0.1,32,0.8807685375213623,0.88 +- 0.001,0.8896104097366333,0.89 +- 0.003,0.88,0.89,0.0007685375213623002,-0.00038959026336671254,-0.00038959026336671254,0.88
Tokyo,4,l1,None,0.5,False,False,0.1,64,0.8776509165763855,0.879 +- 0.003,0.8896104097366333,0.89 +- 0.003,0.879,0.89,-0.0013490834236145055,-0.00038959026336671254,-0.0013490834236145055,0.879
Tokyo,168,var,loss,0.5,False,True,0.1,64,0.8788109421730042,0.879 +- 0.001,0.8961039185523987,0.892 +- 0.008,0.879,0.892,-0.00018905782699585316,0.0041039185523986665,-0.00018905782699585316,0.879
Tokyo,60,l2,None,1.0,False,False,0.1,64,0.8792822360992432,0.879 +- 0.002,0.8961039185523987,0.896 +- 0.003,0.879,0.896,0.0002822360992431605,0.00010391855239866299,0.00010391855239866299,0.879
Tokyo,180,var,avg,0.5,False,False,0.1,64,0.8809135556221008,0.879 +- 0.002,0.8961039185523987,0.894 +- 0.005,0.879,0.894,0.0019135556221008265,0.0021039185523986648,0.0019135556221008265,0.879
Tokyo,107,max,None,1.0,False,False,0.1,32,0.8890701532363892,0.883 +- 0.005,0.8896104097366333,0.879 +- 0.011,0.883,0.879,0.006070153236389153,0.010610409736633297,0.006070153236389153,0.879
Tokyo,48,l1,avg,1.0,False,True,0.1,64,0.8774696588516235,0.878 +- 0.0,0.8961039185523987,0.89 +- 0.002,0.878,0.89,-0.0005303411483764675,0.006103918552398668,-0.0005303411483764675,0.878
Tokyo,71,l2,loss,0.5,False,True,0.1,32,0.8776146173477173,0.878 +- 0.001,0.8831169009208679,0.882 +- 0.005,0.878,0.882,-0.0003853826522827175,0.0011169009208679137,-0.0003853826522827175,0.878
Tokyo,76,l2,loss,1.0,False,False,0.1,64,0.8776509165763855,0.878 +- 0.002,0.8896104097366333,0.889 +- 0.004,0.878,0.889,-0.0003490834236145046,0.0006104097366332883,-0.0003490834236145046,0.878
Tokyo,167,var,loss,0.5,False,True,0.1,32,0.8781583905220032,0.878 +- 0.0,0.8961039185523987,0.891 +- 0.003,0.878,0.891,0.00015839052200317116,0.005103918552398667,0.00015839052200317116,0.878
Tokyo,28,l1,loss,1.0,False,False,0.1,64,0.8743882775306702,0.877 +- 0.002,0.8961039185523987,0.896 +- 0.003,0.877,0.896,-0.0026117224693298358,0.00010391855239866299,-0.0026117224693298358,0.877
Tokyo,147,var,None,0.5,False,False,0.1,32,0.8760195970535278,0.877 +- 0.002,0.8896104097366333,0.891 +- 0.003,0.877,0.891,-0.0009804029464721697,-0.0013895902633667134,-0.0013895902633667134,0.877
Tokyo,52,l2,None,0.5,False,False,0.1,64,0.8776509165763855,0.877 +- 0.001,0.8831169009208679,0.884 +- 0.005,0.877,0.884,0.0006509165763854963,-0.0008830990791320881,-0.0008830990791320881,0.877
Tokyo,55,l2,None,0.5,False,True,0.1,32,0.8753308057785034,0.876 +- 0.001,0.8831169009208679,0.887 +- 0.004,0.876,0.887,-0.0006691942214965829,-0.0038830990791320907,-0.0038830990791320907,0.876
Tokyo,31,l1,loss,1.0,False,True,0.1,32,0.8767083287239075,0.876 +- 0.001,0.8961039185523987,0.892 +- 0.004,0.876,0.892,0.0007083287239074698,0.0041039185523986665,0.0007083287239074698,0.876
Tokyo,64,l2,None,1.0,False,True,0.1,64,0.8752582669258118,0.875 +- 0.001,0.8961039185523987,0.891 +- 0.005,0.875,0.891,0.0002582669258117676,0.005103918552398667,0.0002582669258117676,0.875
Tokyo,95,l2,avg,1.0,False,True,0.1,32,0.8729382157325745,0.873 +- 0.001,0.8896104097366333,0.892 +- 0.006,0.873,0.892,-6.178426742553533e-05,-0.0023895902633667143,-0.0023895902633667143,0.873
Tokyo,19,l1,loss,0.5,False,False,0.1,32,0.8711256384849548,0.873 +- 0.003,0.8896104097366333,0.887 +- 0.005,0.873,0.887,-0.0018743615150451642,0.00261040973663329,-0.0018743615150451642,0.873
Tokyo,115,max,loss,0.5,False,False,0.1,32,0.8727569580078125,0.873 +- 0.007,0.8896104097366333,0.873 +- 0.014,0.873,0.873,-0.00024304199218749822,0.016610409736633303,-0.00024304199218749822,0.873
Tokyo,39,l1,avg,0.5,False,True,0.1,32,0.8730469346046448,0.873 +- 0.001,0.8831169009208679,0.883 +- 0.003,0.873,0.883,4.693460464477717e-05,0.00011690092086791282,4.693460464477717e-05,0.873
Tokyo,99,max,None,0.5,False,False,0.1,32,0.8792822360992432,0.877 +- 0.007,0.8311688303947449,0.871 +- 0.017,0.877,0.871,0.0022822360992431623,-0.03983116960525512,-0.03983116960525512,0.871
Tokyo,63,l2,None,1.0,False,True,0.1,32,0.8705093264579773,0.871 +- 0.001,0.8766233921051025,0.875 +- 0.005,0.871,0.875,-0.0004906735420227015,0.001623392105102539,-0.0004906735420227015,0.871
Tokyo,79,l2,loss,1.0,False,True,0.1,32,0.8680079579353333,0.868 +- 0.0,0.8636363744735718,0.863 +- 0.004,0.868,0.863,7.95793533325817e-06,0.000636374473571788,7.95793533325817e-06,0.863
Tokyo,3,l1,None,0.5,False,False,0.1,32,0.8384991884231567,0.84 +- 0.003,0.8376623392105103,0.832 +- 0.007,0.84,0.832,-0.0015008115768432306,0.005662339210510292,-0.0015008115768432306,0.832
Tokyo,56,l2,None,0.5,False,True,0.1,64,0.8314663767814636,0.831 +- 0.001,0.8376623392105103,0.848 +- 0.006,0.831,0.848,0.0004663767814636621,-0.010337660789489722,-0.010337660789489722,0.831
Tokyo,23,l1,loss,0.5,False,True,0.1,32,0.8508247137069702,0.851 +- 0.001,0.8246753215789795,0.821 +- 0.006,0.851,0.821,-0.00017528629302976384,0.00367532157897954,-0.00017528629302976384,0.821
Tokyo,15,l1,None,1.0,False,True,0.1,32,0.8131955862045288,0.813 +- 0.002,0.8181818127632141,0.815 +- 0.007,0.813,0.815,0.00019558620452886366,0.0031818127632141646,0.00019558620452886366,0.813
Tokyo,96,l2,avg,1.0,False,True,0.1,64,0.8116729855537415,0.812 +- 0.0,0.8246753215789795,0.823 +- 0.004,0.812,0.823,-0.0003270144462586,0.0016753215789795384,-0.0003270144462586,0.812
Tokyo,43,l1,avg,1.0,False,False,0.1,32,0.8401305079460144,0.839 +- 0.002,0.798701286315918,0.798 +- 0.005,0.839,0.798,0.0011305079460144363,0.0007012863159179261,0.0007012863159179261,0.798
Tokyo,11,l1,None,1.0,False,False,0.1,32,0.6460032463073729,0.646 +- 0.0,0.6428571343421936,0.643 +- 0.0,0.646,0.643,3.246307372917201e-06,-0.00014286565780641247,-0.00014286565780641247,0.643
Tokyo,12,l1,None,1.0,False,False,0.1,64,0.6460032463073729,0.646 +- 0.0,0.6428571343421936,0.643 +- 0.0,0.646,0.643,3.246307372917201e-06,-0.00014286565780641247,-0.00014286565780641247,0.643
Tokyo,27,l1,loss,1.0,False,False,0.1,32,0.6460032463073729,0.646 +- 0.0,0.6428571343421936,0.643 +- 0.0,0.646,0.643,3.246307372917201e-06,-0.00014286565780641247,-0.00014286565780641247,0.643
Tokyo,32,l1,loss,1.0,False,True,0.1,64,0.6460032463073729,0.646 +- 0.0,0.6428571343421936,0.643 +- 0.0,0.646,0.643,3.246307372917201e-06,-0.00014286565780641247,-0.00014286565780641247,0.643
Tokyo,44,l1,avg,1.0,False,False,0.1,64,0.6460032463073729,0.646 +- 0.0,0.6428571343421936,0.643 +- 0.0,0.646,0.643,3.246307372917201e-06,-0.00014286565780641247,-0.00014286565780641247,0.643
